mes,extra_pred,super_pred,diesel_pred
2025-11,7854.891299999999,915.8982,19600.217099999998
2025-12,10346.7493,1088.2519,27593.9286
